<?xml version="1.0" encoding="UTF-8" standalone="yes"?>
<addon id="repository.7Plus.Repo" name="[B][COLOR green]REPO_7PLUS[/COLOR][/B]" version="1.0" provider-name="[B]7Plus[/B]">
    <extension point="xbmc.addon.repository" name="[B]7PLUS Repository[/B]">
        <dir>
            <info compressed="false">https://raw.githubusercontent.com/Paulo1964/7PlusREPO/master/zips/addons.xml</info>
            <checksum>https://raw.githubusercontent.com/Paulo1964/7PlusREPO/master/zips/addons.xml.md5</checksum>
            <datadir zip="true">https://raw.githubusercontent.com/Paulo1964/7PlusREPO/master/zips/</datadir>
        </dir>
    </extension>
    <extension point="xbmc.addon.metadata">
        <summary>[B]REPO_7PLUS[/B]</summary>
        <description>[B][COLOR green]REPO_7PLUS[/COLOR][/B]</description>
        <disclaimer></disclaimer>
        <platform></platform>
        <assets>
            <icon>icon.png</icon>
            <fanart>fanart.jpg</fanart>
        </assets>
    </extension>
</addon>