<?xml version="1.0" encoding="UTF-8" standalone="yes"?>
<addon id="plugin.video.7Plus.Nexus" name="[B]7[COLOR red]Plus[/COLOR][/B]" version="1.2.0" provider-name="[B]7[COLOR red]Plus[/COLOR][/B]"> 
<requires>
	<import addon="xbmc.python" version="3.0.0"/>
	<import addon="script.module.simplejson"/>
	<import addon="script.module.requests"/>
	<import addon="script.module.six" />
    <import addon="script.module.kodi-six" />
	<import addon="script.module.beautifulsoup4"/>
</requires>
<extension point="xbmc.python.pluginsource" library="main.py">
	<provides>video</provides>
</extension>
<extension point="xbmc.addon.repository" name="[B]7[COLOR red]Plus[/COLOR][/B]">
	<info compressed="false"></info>
	<checksum></checksum>
	<datadir zip="true"></datadir>
	<hashes>false</hashes>
</extension>
<extension point="xbmc.addon.metadata">
    <summary lang="pt_br">[B][COLOR white]FILMES, SERIES, ANIMÇÃO EM  HD, Legendados. O MELHOR ADDON DE FILMES E SERIES PRO SEU KODI.[/COLOR][/B]</summary>
    <description lang="pt_br">[B][COLOR lime]ADDON oficial [COLOR orange]7Plus[/COLOR] - Proibido reprodução total ou parcial sem prévia autorização[/COLOR][/B]
[B][COLOR white]Addon [COLOR orange]7Plus[/COLOR] é de uso gratuito!!CREDITOS: JOEL[/COLOR][/B]
[B][COLOR firebrick]Mais um excelente addon de língua portuguesa como filmes recentes e também antigos, séries, animação.[/COLOR][/B] </description>
    <disclaimer lang="pt_br">[COLOR yellow][B]O conteúdo exibido por este complemento. 7Plus não tem nenhuma afiliação com o provedor de conteúdo, Somente é responsável por coletar os melhores filmes da Internet, categorização e otimizá-los, de modo a que esta ao alcance de seus usuários. tão fácil e descomplicada.[/B][/COLOR]</disclaimer>
	<website></website>
    <platform>all</platform>
	<source></source>
	<assets>
		<icon>icon.png</icon>
		<fanart>fanart.jpg</fanart>
		<screenshot>resources/media/screenshot01.jpg</screenshot>
		<screenshot>resources/media/screenshot02.jpg</screenshot>
		<screenshot>resources/media/screenshot03.jpg</screenshot>
    </assets>
	<news>
1.2.0
- Addon 7Plus
	</news>
</extension>
</addon>